country_UN,region_code,region_name,sub_region_code,sub_region_name,intermediate_region_code,intermediate_region_name,m49_code,iso_alpha2_code,iso_alpha3_code,is_LDC,is_LLDC,is_SIDS,is_G77,is_EU,is_G20,is_AU,is_P5,is_UN_member,is_OECD,world_bank_income_group,world_bank_lending_category,country,UN_regional_group
Algeria,002,Africa,015,Northern Africa,NA,NA,012,DZ,DZA,FALSE,FALSE,FALSE,TRUE,FALSE,FALSE,TRUE,FALSE,TRUE,FALSE,Upper middle income,IBRD,Algeria,African States
Egypt,002,Africa,015,Northern Africa,NA,NA,818,EG,EGY,FALSE,FALSE,FALSE,TRUE,FALSE,FALSE,TRUE,FALSE,TRUE,FALSE,Lower middle income,IBRD,Egypt,African States
Libya,002,Africa,015,Northern Africa,NA,NA,434,LY,LBY,FALSE,FALSE,FALSE,TRUE,FALSE,FALSE,TRUE,FALSE,TRUE,FALSE,Upper middle income,IBRD,Libya,African States
Morocco,002,Africa,015,Northern Africa,NA,NA,504,MA,MAR,FALSE,FALSE,FALSE,TRUE,FALSE,FALSE,TRUE,FALSE,TRUE,FALSE,Lower middle income,IBRD,Morocco,African States
Sudan,002,Africa,015,Northern Africa,NA,NA,729,SD,SDN,TRUE,FALSE,FALSE,TRUE,FALSE,FALSE,TRUE,FALSE,TRUE,FALSE,Low income,IDA,Sudan,African States
Tunisia,002,Africa,015,Northern Africa,NA,NA,788,TN,TUN,FALSE,FALSE,FALSE,TRUE,FALSE,FALSE,TRUE,FALSE,TRUE,FALSE,Lower middle income,IBRD,Tunisia,African States
Western Sahara,002,Africa,015,Northern Africa,NA,NA,732,EH,ESH,FALSE,FALSE,FALSE,FALSE,FALSE,FALSE,TRUE,FALSE,FALSE,FALSE,NA,NA,NA,NA
British Indian Ocean Territory,002,Africa,202,Sub-Saharan Africa,014,Eastern Africa,086,IO,IOT,FALSE,FALSE,FALSE,FALSE,FALSE,FALSE,FALSE,FALSE,FALSE,FALSE,NA,NA,NA,NA
Burundi,002,Africa,202,Sub-Saharan Africa,014,Eastern Africa,108,BI,BDI,TRUE,TRUE,FALSE,TRUE,FALSE,FALSE,TRUE,FALSE,TRUE,FALSE,Low income,IDA,Burundi,African States
Comoros,002,Africa,202,Sub-Saharan Africa,014,Eastern Africa,174,KM,COM,TRUE,FALSE,TRUE,TRUE,FALSE,FALSE,TRUE,FALSE,TRUE,FALSE,Lower middle income,IDA,Comoros,African States
Djibouti,002,Africa,202,Sub-Saharan Africa,014,Eastern Africa,262,DJ,DJI,TRUE,FALSE,FALSE,TRUE,FALSE,FALSE,TRUE,FALSE,TRUE,FALSE,Lower middle income,IDA,Djibouti,African States
Eritrea,002,Africa,202,Sub-Saharan Africa,014,Eastern Africa,232,ER,ERI,TRUE,FALSE,FALSE,TRUE,FALSE,FALSE,TRUE,FALSE,TRUE,FALSE,Low income,IDA,Eritrea,African States
Ethiopia,002,Africa,202,Sub-Saharan Africa,014,Eastern Africa,231,ET,ETH,TRUE,TRUE,FALSE,TRUE,FALSE,FALSE,TRUE,FALSE,TRUE,FALSE,Low income,IDA,Ethiopia,African States
French Southern Territories,002,Africa,202,Sub-Saharan Africa,014,Eastern Africa,260,TF,ATF,FALSE,FALSE,FALSE,FALSE,FALSE,FALSE,FALSE,FALSE,FALSE,FALSE,NA,NA,NA,NA
Kenya,002,Africa,202,Sub-Saharan Africa,014,Eastern Africa,404,KE,KEN,FALSE,FALSE,FALSE,TRUE,FALSE,FALSE,TRUE,FALSE,TRUE,FALSE,Lower middle income,Blend,Kenya,African States
Madagascar,002,Africa,202,Sub-Saharan Africa,014,Eastern Africa,450,MG,MDG,TRUE,FALSE,FALSE,TRUE,FALSE,FALSE,TRUE,FALSE,TRUE,FALSE,Low income,IDA,Madagascar,African States
Malawi,002,Africa,202,Sub-Saharan Africa,014,Eastern Africa,454,MW,MWI,TRUE,TRUE,FALSE,TRUE,FALSE,FALSE,TRUE,FALSE,TRUE,FALSE,Low income,IDA,Malawi,African States
Mauritius,002,Africa,202,Sub-Saharan Africa,014,Eastern Africa,480,MU,MUS,FALSE,FALSE,TRUE,TRUE,FALSE,FALSE,TRUE,FALSE,TRUE,FALSE,Upper middle income,IBRD,Mauritius,African States
Mayotte,002,Africa,202,Sub-Saharan Africa,014,Eastern Africa,175,YT,MYT,FALSE,FALSE,FALSE,FALSE,FALSE,FALSE,FALSE,FALSE,FALSE,FALSE,NA,NA,NA,NA
Mozambique,002,Africa,202,Sub-Saharan Africa,014,Eastern Africa,508,MZ,MOZ,TRUE,FALSE,FALSE,TRUE,FALSE,FALSE,TRUE,FALSE,TRUE,FALSE,Low income,IDA,Mozambique,African States
Réunion,002,Africa,202,Sub-Saharan Africa,014,Eastern Africa,638,RE,REU,FALSE,FALSE,FALSE,FALSE,FALSE,FALSE,FALSE,FALSE,FALSE,FALSE,NA,NA,NA,NA
Rwanda,002,Africa,202,Sub-Saharan Africa,014,Eastern Africa,646,RW,RWA,TRUE,TRUE,FALSE,TRUE,FALSE,FALSE,TRUE,FALSE,TRUE,FALSE,Low income,IDA,Rwanda,African States
Seychelles,002,Africa,202,Sub-Saharan Africa,014,Eastern Africa,690,SC,SYC,FALSE,FALSE,TRUE,TRUE,FALSE,FALSE,TRUE,FALSE,TRUE,FALSE,High income,IBRD,Seychelles,African States
Somalia,002,Africa,202,Sub-Saharan Africa,014,Eastern Africa,706,SO,SOM,TRUE,FALSE,FALSE,TRUE,FALSE,FALSE,TRUE,FALSE,TRUE,FALSE,Low income,IDA,Somalia,African States
South Sudan,002,Africa,202,Sub-Saharan Africa,014,Eastern Africa,728,SS,SSD,TRUE,TRUE,FALSE,TRUE,FALSE,FALSE,TRUE,FALSE,TRUE,FALSE,Low income,IDA,South Sudan,African States
Uganda,002,Africa,202,Sub-Saharan Africa,014,Eastern Africa,800,UG,UGA,TRUE,TRUE,FALSE,TRUE,FALSE,FALSE,TRUE,FALSE,TRUE,FALSE,Low income,IDA,Uganda,African States
United Republic of Tanzania,002,Africa,202,Sub-Saharan Africa,014,Eastern Africa,834,TZ,TZA,TRUE,FALSE,FALSE,TRUE,FALSE,FALSE,TRUE,FALSE,TRUE,FALSE,Lower middle income,IDA,United Republic of Tanzania,African States
Zambia,002,Africa,202,Sub-Saharan Africa,014,Eastern Africa,894,ZM,ZMB,TRUE,TRUE,FALSE,TRUE,FALSE,FALSE,TRUE,FALSE,TRUE,FALSE,Lower middle income,IDA,Zambia,African States
Zimbabwe,002,Africa,202,Sub-Saharan Africa,014,Eastern Africa,716,ZW,ZWE,FALSE,TRUE,FALSE,TRUE,FALSE,FALSE,TRUE,FALSE,TRUE,FALSE,Lower middle income,Blend,Zimbabwe,African States
Angola,002,Africa,202,Sub-Saharan Africa,017,Middle Africa,024,AO,AGO,TRUE,FALSE,FALSE,TRUE,FALSE,FALSE,TRUE,FALSE,TRUE,FALSE,Lower middle income,IBRD,Angola,African States
Cameroon,002,Africa,202,Sub-Saharan Africa,017,Middle Africa,120,CM,CMR,FALSE,FALSE,FALSE,TRUE,FALSE,FALSE,TRUE,FALSE,TRUE,FALSE,Lower middle income,Blend,Cameroon,African States
Central African Republic,002,Africa,202,Sub-Saharan Africa,017,Middle Africa,140,CF,CAF,TRUE,TRUE,FALSE,TRUE,FALSE,FALSE,TRUE,FALSE,TRUE,FALSE,Low income,IDA,Central African Republic,African States
Chad,002,Africa,202,Sub-Saharan Africa,017,Middle Africa,148,TD,TCD,TRUE,TRUE,FALSE,TRUE,FALSE,FALSE,TRUE,FALSE,TRUE,FALSE,Low income,IDA,Chad,African States
Congo,002,Africa,202,Sub-Saharan Africa,017,Middle Africa,178,CG,COG,FALSE,FALSE,FALSE,TRUE,FALSE,FALSE,TRUE,FALSE,TRUE,FALSE,Lower middle income,Blend,Congo,African States
Democratic Republic of the Congo,002,Africa,202,Sub-Saharan Africa,017,Middle Africa,180,CD,COD,TRUE,FALSE,FALSE,TRUE,FALSE,FALSE,TRUE,FALSE,TRUE,FALSE,Low income,IDA,Democratic Republic of the Congo,African States
Equatorial Guinea,002,Africa,202,Sub-Saharan Africa,017,Middle Africa,226,GQ,GNQ,FALSE,FALSE,FALSE,TRUE,FALSE,FALSE,TRUE,FALSE,TRUE,FALSE,Upper middle income,IBRD,Equatorial Guinea,African States
Gabon,002,Africa,202,Sub-Saharan Africa,017,Middle Africa,266,GA,GAB,FALSE,FALSE,FALSE,TRUE,FALSE,FALSE,TRUE,FALSE,TRUE,FALSE,Upper middle income,IBRD,Gabon,African States
Sao Tome and Principe,002,Africa,202,Sub-Saharan Africa,017,Middle Africa,678,ST,STP,TRUE,FALSE,TRUE,TRUE,FALSE,FALSE,TRUE,FALSE,TRUE,FALSE,Lower middle income,IDA,Sao Tome and Principe,African States
Botswana,002,Africa,202,Sub-Saharan Africa,018,Southern Africa,072,BW,BWA,FALSE,TRUE,FALSE,TRUE,FALSE,FALSE,TRUE,FALSE,TRUE,FALSE,Upper middle income,IBRD,Botswana,African States
Eswatini,002,Africa,202,Sub-Saharan Africa,018,Southern Africa,748,SZ,SWZ,FALSE,TRUE,FALSE,TRUE,FALSE,FALSE,TRUE,FALSE,TRUE,FALSE,Lower middle income,Blend,Eswatini,African States
Lesotho,002,Africa,202,Sub-Saharan Africa,018,Southern Africa,426,LS,LSO,TRUE,TRUE,FALSE,TRUE,FALSE,FALSE,TRUE,FALSE,TRUE,FALSE,Lower middle income,IDA,Lesotho,African States
Namibia,002,Africa,202,Sub-Saharan Africa,018,Southern Africa,516,NA,NAM,FALSE,FALSE,FALSE,TRUE,FALSE,FALSE,TRUE,FALSE,TRUE,FALSE,Upper middle income,IBRD,Namibia,African States
South Africa,002,Africa,202,Sub-Saharan Africa,018,Southern Africa,710,ZA,ZAF,FALSE,FALSE,FALSE,TRUE,FALSE,TRUE,TRUE,FALSE,TRUE,FALSE,Upper middle income,IBRD,South Africa,African States
Benin,002,Africa,202,Sub-Saharan Africa,011,Western Africa,204,BJ,BEN,TRUE,FALSE,FALSE,TRUE,FALSE,FALSE,TRUE,FALSE,TRUE,FALSE,Lower middle income,IDA,Benin,African States
Burkina Faso,002,Africa,202,Sub-Saharan Africa,011,Western Africa,854,BF,BFA,TRUE,TRUE,FALSE,TRUE,FALSE,FALSE,TRUE,FALSE,TRUE,FALSE,Low income,IDA,Burkina Faso,African States
Cabo Verde,002,Africa,202,Sub-Saharan Africa,011,Western Africa,132,CV,CPV,FALSE,FALSE,TRUE,TRUE,FALSE,FALSE,TRUE,FALSE,TRUE,FALSE,Lower middle income,Blend,Cabo Verde,African States
Côte d’Ivoire,002,Africa,202,Sub-Saharan Africa,011,Western Africa,384,CI,CIV,FALSE,FALSE,FALSE,TRUE,FALSE,FALSE,TRUE,FALSE,TRUE,FALSE,Lower middle income,IDA,Côte d'Ivoire,African States
Gambia,002,Africa,202,Sub-Saharan Africa,011,Western Africa,270,GM,GMB,TRUE,FALSE,FALSE,TRUE,FALSE,FALSE,TRUE,FALSE,TRUE,FALSE,Low income,IDA,Gambia,African States
Ghana,002,Africa,202,Sub-Saharan Africa,011,Western Africa,288,GH,GHA,FALSE,FALSE,FALSE,TRUE,FALSE,FALSE,TRUE,FALSE,TRUE,FALSE,Lower middle income,IDA,Ghana,African States
Guinea,002,Africa,202,Sub-Saharan Africa,011,Western Africa,324,GN,GIN,TRUE,FALSE,FALSE,TRUE,FALSE,FALSE,TRUE,FALSE,TRUE,FALSE,Lower middle income,IDA,Guinea,African States
Guinea-Bissau,002,Africa,202,Sub-Saharan Africa,011,Western Africa,624,GW,GNB,TRUE,FALSE,TRUE,TRUE,FALSE,FALSE,TRUE,FALSE,TRUE,FALSE,Low income,IDA,Guinea-Bissau,African States
Liberia,002,Africa,202,Sub-Saharan Africa,011,Western Africa,430,LR,LBR,TRUE,FALSE,FALSE,TRUE,FALSE,FALSE,TRUE,FALSE,TRUE,FALSE,Low income,IDA,Liberia,African States
Mali,002,Africa,202,Sub-Saharan Africa,011,Western Africa,466,ML,MLI,TRUE,TRUE,FALSE,TRUE,FALSE,FALSE,TRUE,FALSE,TRUE,FALSE,Low income,IDA,Mali,African States
Mauritania,002,Africa,202,Sub-Saharan Africa,011,Western Africa,478,MR,MRT,TRUE,FALSE,FALSE,TRUE,FALSE,FALSE,TRUE,FALSE,TRUE,FALSE,Lower middle income,IDA,Mauritania,African States
Niger,002,Africa,202,Sub-Saharan Africa,011,Western Africa,562,NE,NER,TRUE,TRUE,FALSE,TRUE,FALSE,FALSE,TRUE,FALSE,TRUE,FALSE,Low income,IDA,Niger,African States
Nigeria,002,Africa,202,Sub-Saharan Africa,011,Western Africa,566,NG,NGA,FALSE,FALSE,FALSE,TRUE,FALSE,FALSE,TRUE,FALSE,TRUE,FALSE,Lower middle income,Blend,Nigeria,African States
Saint Helena,002,Africa,202,Sub-Saharan Africa,011,Western Africa,654,SH,SHN,FALSE,FALSE,FALSE,FALSE,FALSE,FALSE,FALSE,FALSE,FALSE,FALSE,NA,NA,NA,NA
Senegal,002,Africa,202,Sub-Saharan Africa,011,Western Africa,686,SN,SEN,TRUE,FALSE,FALSE,TRUE,FALSE,FALSE,TRUE,FALSE,TRUE,FALSE,Lower middle income,IDA,Senegal,African States
Sierra Leone,002,Africa,202,Sub-Saharan Africa,011,Western Africa,694,SL,SLE,TRUE,FALSE,FALSE,TRUE,FALSE,FALSE,TRUE,FALSE,TRUE,FALSE,Low income,IDA,Sierra Leone,African States
Togo,002,Africa,202,Sub-Saharan Africa,011,Western Africa,768,TG,TGO,TRUE,FALSE,FALSE,TRUE,FALSE,FALSE,TRUE,FALSE,TRUE,FALSE,Low income,IDA,Togo,African States
Anguilla,019,Americas,419,Latin America and the Caribbean,029,Caribbean,660,AI,AIA,FALSE,FALSE,TRUE,FALSE,FALSE,FALSE,FALSE,FALSE,FALSE,FALSE,NA,NA,NA,NA
Antigua and Barbuda,019,Americas,419,Latin America and the Caribbean,029,Caribbean,028,AG,ATG,FALSE,FALSE,TRUE,TRUE,FALSE,FALSE,FALSE,FALSE,TRUE,FALSE,High income,IBRD,Antigua and Barbuda,Latin American and Caribbean States
Aruba,019,Americas,419,Latin America and the Caribbean,029,Caribbean,533,AW,ABW,FALSE,FALSE,TRUE,FALSE,FALSE,FALSE,FALSE,FALSE,FALSE,FALSE,High income,NA,NA,NA
Bahamas,019,Americas,419,Latin America and the Caribbean,029,Caribbean,044,BS,BHS,FALSE,FALSE,TRUE,TRUE,FALSE,FALSE,FALSE,FALSE,TRUE,FALSE,High income,NA,Bahamas,Latin American and Caribbean States
Barbados,019,Americas,419,Latin America and the Caribbean,029,Caribbean,052,BB,BRB,FALSE,FALSE,TRUE,TRUE,FALSE,FALSE,FALSE,FALSE,TRUE,FALSE,High income,IBRD,Barbados,Latin American and Caribbean States
"Bonaire, Sint Eustatius and Saba",019,Americas,419,Latin America and the Caribbean,029,Caribbean,535,BQ,BES,FALSE,FALSE,TRUE,FALSE,FALSE,FALSE,FALSE,FALSE,FALSE,FALSE,NA,NA,NA,NA
British Virgin Islands,019,Americas,419,Latin America and the Caribbean,029,Caribbean,092,VG,VGB,FALSE,FALSE,TRUE,FALSE,FALSE,FALSE,FALSE,FALSE,FALSE,FALSE,High income,NA,NA,NA
Cayman Islands,019,Americas,419,Latin America and the Caribbean,029,Caribbean,136,KY,CYM,FALSE,FALSE,FALSE,FALSE,FALSE,FALSE,FALSE,FALSE,FALSE,FALSE,High income,NA,NA,NA
Cuba,019,Americas,419,Latin America and the Caribbean,029,Caribbean,192,CU,CUB,FALSE,FALSE,TRUE,TRUE,FALSE,FALSE,FALSE,FALSE,TRUE,FALSE,Upper middle income,NA,Cuba,Latin American and Caribbean States
Curaçao,019,Americas,419,Latin America and the Caribbean,029,Caribbean,531,CW,CUW,FALSE,FALSE,TRUE,FALSE,FALSE,FALSE,FALSE,FALSE,FALSE,FALSE,High income,NA,NA,NA
Dominica,019,Americas,419,Latin America and the Caribbean,029,Caribbean,212,DM,DMA,FALSE,FALSE,TRUE,TRUE,FALSE,FALSE,FALSE,FALSE,TRUE,FALSE,Upper middle income,Blend,Dominica,Latin American and Caribbean States
Dominican Republic,019,Americas,419,Latin America and the Caribbean,029,Caribbean,214,DO,DOM,FALSE,FALSE,TRUE,TRUE,FALSE,FALSE,FALSE,FALSE,TRUE,FALSE,Upper middle income,IBRD,Dominican Republic,Latin American and Caribbean States
Grenada,019,Americas,419,Latin America and the Caribbean,029,Caribbean,308,GD,GRD,FALSE,FALSE,TRUE,TRUE,FALSE,FALSE,FALSE,FALSE,TRUE,FALSE,Upper middle income,Blend,Grenada,Latin American and Caribbean States
Guadeloupe,019,Americas,419,Latin America and the Caribbean,029,Caribbean,312,GP,GLP,FALSE,FALSE,FALSE,FALSE,FALSE,FALSE,FALSE,FALSE,FALSE,FALSE,NA,NA,NA,NA
Haiti,019,Americas,419,Latin America and the Caribbean,029,Caribbean,332,HT,HTI,TRUE,FALSE,TRUE,TRUE,FALSE,FALSE,FALSE,FALSE,TRUE,FALSE,Lower middle income,IDA,Haiti,Latin American and Caribbean States
Jamaica,019,Americas,419,Latin America and the Caribbean,029,Caribbean,388,JM,JAM,FALSE,FALSE,TRUE,TRUE,FALSE,FALSE,FALSE,FALSE,TRUE,FALSE,Upper middle income,IBRD,Jamaica,Latin American and Caribbean States
Martinique,019,Americas,419,Latin America and the Caribbean,029,Caribbean,474,MQ,MTQ,FALSE,FALSE,FALSE,FALSE,FALSE,FALSE,FALSE,FALSE,FALSE,FALSE,NA,NA,NA,NA
Montserrat,019,Americas,419,Latin America and the Caribbean,029,Caribbean,500,MS,MSR,FALSE,FALSE,TRUE,FALSE,FALSE,FALSE,FALSE,FALSE,FALSE,FALSE,NA,NA,NA,NA
Puerto Rico,019,Americas,419,Latin America and the Caribbean,029,Caribbean,630,PR,PRI,FALSE,FALSE,TRUE,FALSE,FALSE,FALSE,FALSE,FALSE,FALSE,FALSE,High income,NA,NA,NA
Saint Barthélemy,019,Americas,419,Latin America and the Caribbean,029,Caribbean,652,BL,BLM,FALSE,FALSE,FALSE,FALSE,FALSE,FALSE,FALSE,FALSE,FALSE,FALSE,NA,NA,NA,NA
Saint Kitts and Nevis,019,Americas,419,Latin America and the Caribbean,029,Caribbean,659,KN,KNA,FALSE,FALSE,TRUE,TRUE,FALSE,FALSE,FALSE,FALSE,TRUE,FALSE,High income,IBRD,Saint Kitts and Nevis,Latin American and Caribbean States
Saint Lucia,019,Americas,419,Latin America and the Caribbean,029,Caribbean,662,LC,LCA,FALSE,FALSE,TRUE,TRUE,FALSE,FALSE,FALSE,FALSE,TRUE,FALSE,Upper middle income,Blend,Saint Lucia,Latin American and Caribbean States
Saint Martin (French Part),019,Americas,419,Latin America and the Caribbean,029,Caribbean,663,MF,MAF,FALSE,FALSE,FALSE,FALSE,FALSE,FALSE,FALSE,FALSE,FALSE,FALSE,High income,NA,NA,NA
Saint Vincent and the Grenadines,019,Americas,419,Latin America and the Caribbean,029,Caribbean,670,VC,VCT,FALSE,FALSE,TRUE,TRUE,FALSE,FALSE,FALSE,FALSE,TRUE,FALSE,Upper middle income,Blend,Saint Vincent and the Grenadines,Latin American and Caribbean States
Sint Maarten (Dutch part),019,Americas,419,Latin America and the Caribbean,029,Caribbean,534,SX,SXM,FALSE,FALSE,TRUE,FALSE,FALSE,FALSE,FALSE,FALSE,FALSE,FALSE,High income,NA,NA,NA
Trinidad and Tobago,019,Americas,419,Latin America and the Caribbean,029,Caribbean,780,TT,TTO,FALSE,FALSE,TRUE,TRUE,FALSE,FALSE,FALSE,FALSE,TRUE,FALSE,High income,IBRD,Trinidad and Tobago,Latin American and Caribbean States
Turks and Caicos Islands,019,Americas,419,Latin America and the Caribbean,029,Caribbean,796,TC,TCA,FALSE,FALSE,FALSE,FALSE,FALSE,FALSE,FALSE,FALSE,FALSE,FALSE,High income,NA,NA,NA
United States Virgin Islands,019,Americas,419,Latin America and the Caribbean,029,Caribbean,850,VI,VIR,FALSE,FALSE,TRUE,FALSE,FALSE,FALSE,FALSE,FALSE,FALSE,FALSE,High income,NA,NA,NA
Belize,019,Americas,419,Latin America and the Caribbean,013,Central America,084,BZ,BLZ,FALSE,FALSE,TRUE,TRUE,FALSE,FALSE,FALSE,FALSE,TRUE,FALSE,Upper middle income,Blend,Belize,Latin American and Caribbean States
Costa Rica,019,Americas,419,Latin America and the Caribbean,013,Central America,188,CR,CRI,FALSE,FALSE,FALSE,TRUE,FALSE,FALSE,FALSE,FALSE,TRUE,TRUE,Upper middle income,IBRD,Costa Rica,Latin American and Caribbean States
El Salvador,019,Americas,419,Latin America and the Caribbean,013,Central America,222,SV,SLV,FALSE,FALSE,FALSE,TRUE,FALSE,FALSE,FALSE,FALSE,TRUE,FALSE,Upper middle income,IBRD,El Salvador,Latin American and Caribbean States
Guatemala,019,Americas,419,Latin America and the Caribbean,013,Central America,320,GT,GTM,FALSE,FALSE,FALSE,TRUE,FALSE,FALSE,FALSE,FALSE,TRUE,FALSE,Upper middle income,IBRD,Guatemala,Latin American and Caribbean States
Honduras,019,Americas,419,Latin America and the Caribbean,013,Central America,340,HN,HND,FALSE,FALSE,FALSE,TRUE,FALSE,FALSE,FALSE,FALSE,TRUE,FALSE,Lower middle income,IDA,Honduras,Latin American and Caribbean States
Mexico,019,Americas,419,Latin America and the Caribbean,013,Central America,484,MX,MEX,FALSE,FALSE,FALSE,FALSE,FALSE,TRUE,FALSE,FALSE,TRUE,TRUE,Upper middle income,IBRD,Mexico,Latin American and Caribbean States
Nicaragua,019,Americas,419,Latin America and the Caribbean,013,Central America,558,NI,NIC,FALSE,FALSE,FALSE,TRUE,FALSE,FALSE,FALSE,FALSE,TRUE,FALSE,Lower middle income,IDA,Nicaragua,Latin American and Caribbean States
Panama,019,Americas,419,Latin America and the Caribbean,013,Central America,591,PA,PAN,FALSE,FALSE,FALSE,TRUE,FALSE,FALSE,FALSE,FALSE,TRUE,FALSE,High income,IBRD,Panama,Latin American and Caribbean States
Argentina,019,Americas,419,Latin America and the Caribbean,005,South America,032,AR,ARG,FALSE,FALSE,FALSE,TRUE,FALSE,TRUE,FALSE,FALSE,TRUE,FALSE,Upper middle income,IBRD,Argentina,Latin American and Caribbean States
Bolivia (Plurinational State of),019,Americas,419,Latin America and the Caribbean,005,South America,068,BO,BOL,FALSE,TRUE,FALSE,TRUE,FALSE,FALSE,FALSE,FALSE,TRUE,FALSE,Lower middle income,IBRD,Bolivia (Plurinational State of),Latin American and Caribbean States
Bouvet Island,019,Americas,419,Latin America and the Caribbean,005,South America,074,BV,BVT,FALSE,FALSE,FALSE,FALSE,FALSE,FALSE,FALSE,FALSE,FALSE,FALSE,NA,NA,NA,NA
Brazil,019,Americas,419,Latin America and the Caribbean,005,South America,076,BR,BRA,FALSE,FALSE,FALSE,TRUE,FALSE,TRUE,FALSE,FALSE,TRUE,FALSE,Upper middle income,IBRD,Brazil,Latin American and Caribbean States
Chile,019,Americas,419,Latin America and the Caribbean,005,South America,152,CL,CHL,FALSE,FALSE,FALSE,TRUE,FALSE,FALSE,FALSE,FALSE,TRUE,TRUE,High income,IBRD,Chile,Latin American and Caribbean States
Colombia,019,Americas,419,Latin America and the Caribbean,005,South America,170,CO,COL,FALSE,FALSE,FALSE,TRUE,FALSE,FALSE,FALSE,FALSE,TRUE,TRUE,Upper middle income,IBRD,Colombia,Latin American and Caribbean States
Ecuador,019,Americas,419,Latin America and the Caribbean,005,South America,218,EC,ECU,FALSE,FALSE,FALSE,TRUE,FALSE,FALSE,FALSE,FALSE,TRUE,FALSE,Upper middle income,IBRD,Ecuador,Latin American and Caribbean States
Falkland Islands (Malvinas),019,Americas,419,Latin America and the Caribbean,005,South America,238,FK,FLK,FALSE,FALSE,FALSE,FALSE,FALSE,FALSE,FALSE,FALSE,FALSE,FALSE,NA,NA,NA,NA
French Guiana,019,Americas,419,Latin America and the Caribbean,005,South America,254,GF,GUF,FALSE,FALSE,FALSE,FALSE,FALSE,FALSE,FALSE,FALSE,FALSE,FALSE,NA,NA,NA,NA
Guyana,019,Americas,419,Latin America and the Caribbean,005,South America,328,GY,GUY,FALSE,FALSE,TRUE,TRUE,FALSE,FALSE,FALSE,FALSE,TRUE,FALSE,High income,IDA,Guyana,Latin American and Caribbean States
Paraguay,019,Americas,419,Latin America and the Caribbean,005,South America,600,PY,PRY,FALSE,TRUE,FALSE,TRUE,FALSE,FALSE,FALSE,FALSE,TRUE,FALSE,Upper middle income,IBRD,Paraguay,Latin American and Caribbean States
Peru,019,Americas,419,Latin America and the Caribbean,005,South America,604,PE,PER,FALSE,FALSE,FALSE,TRUE,FALSE,FALSE,FALSE,FALSE,TRUE,FALSE,Upper middle income,IBRD,Peru,Latin American and Caribbean States
South Georgia and the South Sandwich Islands,019,Americas,419,Latin America and the Caribbean,005,South America,239,GS,SGS,FALSE,FALSE,FALSE,FALSE,FALSE,FALSE,FALSE,FALSE,FALSE,FALSE,NA,NA,NA,NA
Suriname,019,Americas,419,Latin America and the Caribbean,005,South America,740,SR,SUR,FALSE,FALSE,TRUE,TRUE,FALSE,FALSE,FALSE,FALSE,TRUE,FALSE,Upper middle income,IBRD,Suriname,Latin American and Caribbean States
Uruguay,019,Americas,419,Latin America and the Caribbean,005,South America,858,UY,URY,FALSE,FALSE,FALSE,TRUE,FALSE,FALSE,FALSE,FALSE,TRUE,FALSE,High income,IBRD,Uruguay,Latin American and Caribbean States
Venezuela (Bolivarian Republic of),019,Americas,419,Latin America and the Caribbean,005,South America,862,VE,VEN,FALSE,FALSE,FALSE,TRUE,FALSE,FALSE,FALSE,FALSE,TRUE,FALSE,NA,IBRD,Venezuela (Bolivarian Republic of),Latin American and Caribbean States
Bermuda,019,Americas,021,Northern America,NA,NA,060,BM,BMU,FALSE,FALSE,FALSE,FALSE,FALSE,FALSE,FALSE,FALSE,FALSE,FALSE,High income,NA,NA,NA
Canada,019,Americas,021,Northern America,NA,NA,124,CA,CAN,FALSE,FALSE,FALSE,FALSE,FALSE,TRUE,FALSE,FALSE,TRUE,TRUE,High income,NA,Canada,Western European and other States
Greenland,019,Americas,021,Northern America,NA,NA,304,GL,GRL,FALSE,FALSE,FALSE,FALSE,FALSE,FALSE,FALSE,FALSE,FALSE,FALSE,High income,NA,NA,NA
Saint Pierre and Miquelon,019,Americas,021,Northern America,NA,NA,666,PM,SPM,FALSE,FALSE,FALSE,FALSE,FALSE,FALSE,FALSE,FALSE,FALSE,FALSE,NA,NA,NA,NA
United States of America,019,Americas,021,Northern America,NA,NA,840,US,USA,FALSE,FALSE,FALSE,FALSE,FALSE,TRUE,FALSE,TRUE,TRUE,TRUE,High income,NA,United States of America,Western European and other States
Antarctica,NA,NA,NA,NA,NA,NA,010,AQ,ATA,FALSE,FALSE,FALSE,FALSE,FALSE,FALSE,FALSE,FALSE,FALSE,FALSE,NA,NA,NA,NA
Kazakhstan,142,Asia,143,Central Asia,NA,NA,398,KZ,KAZ,FALSE,TRUE,FALSE,FALSE,FALSE,FALSE,FALSE,FALSE,TRUE,FALSE,Upper middle income,IBRD,Kazakhstan,Asia-Pacific States
Kyrgyzstan,142,Asia,143,Central Asia,NA,NA,417,KG,KGZ,FALSE,TRUE,FALSE,FALSE,FALSE,FALSE,FALSE,FALSE,TRUE,FALSE,Lower middle income,IDA,Kyrgyzstan,Asia-Pacific States
Tajikistan,142,Asia,143,Central Asia,NA,NA,762,TJ,TJK,FALSE,TRUE,FALSE,TRUE,FALSE,FALSE,FALSE,FALSE,TRUE,FALSE,Lower middle income,IDA,Tajikistan,Asia-Pacific States
Turkmenistan,142,Asia,143,Central Asia,NA,NA,795,TM,TKM,FALSE,TRUE,FALSE,TRUE,FALSE,FALSE,FALSE,FALSE,TRUE,FALSE,Upper middle income,IBRD,Turkmenistan,Asia-Pacific States
Uzbekistan,142,Asia,143,Central Asia,NA,NA,860,UZ,UZB,FALSE,TRUE,FALSE,FALSE,FALSE,FALSE,FALSE,FALSE,TRUE,FALSE,Lower middle income,Blend,Uzbekistan,Asia-Pacific States
China,142,Asia,030,Eastern Asia,NA,NA,156,CN,CHN,FALSE,FALSE,FALSE,TRUE,FALSE,TRUE,FALSE,TRUE,TRUE,FALSE,Upper middle income,IBRD,China,Asia-Pacific States
"China, Hong Kong Special Administrative Region",142,Asia,030,Eastern Asia,NA,NA,344,HK,HKG,FALSE,FALSE,FALSE,FALSE,FALSE,FALSE,FALSE,FALSE,FALSE,FALSE,High income,NA,NA,NA
"China, Macao Special Administrative Region",142,Asia,030,Eastern Asia,NA,NA,446,MO,MAC,FALSE,FALSE,FALSE,FALSE,FALSE,FALSE,FALSE,FALSE,FALSE,FALSE,High income,NA,NA,NA
Democratic People's Republic of Korea,142,Asia,030,Eastern Asia,NA,NA,408,KP,PRK,FALSE,FALSE,FALSE,TRUE,FALSE,FALSE,FALSE,FALSE,TRUE,FALSE,Low income,NA,Democratic People's Republic of Korea,Asia-Pacific States
Japan,142,Asia,030,Eastern Asia,NA,NA,392,JP,JPN,FALSE,FALSE,FALSE,FALSE,FALSE,TRUE,FALSE,FALSE,TRUE,TRUE,High income,NA,Japan,Asia-Pacific States
Mongolia,142,Asia,030,Eastern Asia,NA,NA,496,MN,MNG,FALSE,TRUE,FALSE,TRUE,FALSE,FALSE,FALSE,FALSE,TRUE,FALSE,Upper middle income,IBRD,Mongolia,Asia-Pacific States
Republic of Korea,142,Asia,030,Eastern Asia,NA,NA,410,KR,KOR,FALSE,FALSE,FALSE,FALSE,FALSE,TRUE,FALSE,FALSE,TRUE,TRUE,High income,NA,Republic of Korea,Asia-Pacific States
Brunei Darussalam,142,Asia,035,South-eastern Asia,NA,NA,096,BN,BRN,FALSE,FALSE,FALSE,TRUE,FALSE,FALSE,FALSE,FALSE,TRUE,FALSE,High income,NA,Brunei Darussalam,Asia-Pacific States
Cambodia,142,Asia,035,South-eastern Asia,NA,NA,116,KH,KHM,TRUE,FALSE,FALSE,TRUE,FALSE,FALSE,FALSE,FALSE,TRUE,FALSE,Lower middle income,IDA,Cambodia,Asia-Pacific States
Indonesia,142,Asia,035,South-eastern Asia,NA,NA,360,ID,IDN,FALSE,FALSE,FALSE,TRUE,FALSE,TRUE,FALSE,FALSE,TRUE,FALSE,Upper middle income,IBRD,Indonesia,Asia-Pacific States
Lao People's Democratic Republic,142,Asia,035,South-eastern Asia,NA,NA,418,LA,LAO,TRUE,TRUE,FALSE,TRUE,FALSE,FALSE,FALSE,FALSE,TRUE,FALSE,Lower middle income,IDA,Lao People's Democratic Republic,Asia-Pacific States
Malaysia,142,Asia,035,South-eastern Asia,NA,NA,458,MY,MYS,FALSE,FALSE,FALSE,TRUE,FALSE,FALSE,FALSE,FALSE,TRUE,FALSE,Upper middle income,IBRD,Malaysia,Asia-Pacific States
Myanmar,142,Asia,035,South-eastern Asia,NA,NA,104,MM,MMR,TRUE,FALSE,FALSE,TRUE,FALSE,FALSE,FALSE,FALSE,TRUE,FALSE,Lower middle income,IDA,Myanmar,Asia-Pacific States
Philippines,142,Asia,035,South-eastern Asia,NA,NA,608,PH,PHL,FALSE,FALSE,FALSE,TRUE,FALSE,FALSE,FALSE,FALSE,TRUE,FALSE,Lower middle income,IBRD,Philippines,Asia-Pacific States
Singapore,142,Asia,035,South-eastern Asia,NA,NA,702,SG,SGP,FALSE,FALSE,TRUE,TRUE,FALSE,FALSE,FALSE,FALSE,TRUE,FALSE,High income,NA,Singapore,Asia-Pacific States
Thailand,142,Asia,035,South-eastern Asia,NA,NA,764,TH,THA,FALSE,FALSE,FALSE,TRUE,FALSE,FALSE,FALSE,FALSE,TRUE,FALSE,Upper middle income,IBRD,Thailand,Asia-Pacific States
Timor-Leste,142,Asia,035,South-eastern Asia,NA,NA,626,TL,TLS,TRUE,FALSE,TRUE,TRUE,FALSE,FALSE,FALSE,FALSE,TRUE,FALSE,Lower middle income,Blend,Timor-Leste,Asia-Pacific States
Viet Nam,142,Asia,035,South-eastern Asia,NA,NA,704,VN,VNM,FALSE,FALSE,FALSE,TRUE,FALSE,FALSE,FALSE,FALSE,TRUE,FALSE,Lower middle income,IBRD,Viet Nam,Asia-Pacific States
Afghanistan,142,Asia,034,Southern Asia,NA,NA,004,AF,AFG,TRUE,TRUE,FALSE,TRUE,FALSE,FALSE,FALSE,FALSE,TRUE,FALSE,Low income,IDA,Afghanistan,Asia-Pacific States
Bangladesh,142,Asia,034,Southern Asia,NA,NA,050,BD,BGD,TRUE,FALSE,FALSE,TRUE,FALSE,FALSE,FALSE,FALSE,TRUE,FALSE,Lower middle income,IDA,Bangladesh,Asia-Pacific States
Bhutan,142,Asia,034,Southern Asia,NA,NA,064,BT,BTN,FALSE,TRUE,FALSE,TRUE,FALSE,FALSE,FALSE,FALSE,TRUE,FALSE,Lower middle income,IDA,Bhutan,Asia-Pacific States
India,142,Asia,034,Southern Asia,NA,NA,356,IN,IND,FALSE,FALSE,FALSE,TRUE,FALSE,TRUE,FALSE,FALSE,TRUE,FALSE,Lower middle income,IBRD,India,Asia-Pacific States
Iran (Islamic Republic of),142,Asia,034,Southern Asia,NA,NA,364,IR,IRN,FALSE,FALSE,FALSE,TRUE,FALSE,FALSE,FALSE,FALSE,TRUE,FALSE,Upper middle income,IBRD,Iran (Islamic Republic of),Asia-Pacific States
Maldives,142,Asia,034,Southern Asia,NA,NA,462,MV,MDV,FALSE,FALSE,TRUE,TRUE,FALSE,FALSE,FALSE,FALSE,TRUE,FALSE,Upper middle income,IDA,Maldives,Asia-Pacific States
Nepal,142,Asia,034,Southern Asia,NA,NA,524,NP,NPL,TRUE,TRUE,FALSE,TRUE,FALSE,FALSE,FALSE,FALSE,TRUE,FALSE,Lower middle income,IDA,Nepal,Asia-Pacific States
Pakistan,142,Asia,034,Southern Asia,NA,NA,586,PK,PAK,FALSE,FALSE,FALSE,TRUE,FALSE,FALSE,FALSE,FALSE,TRUE,FALSE,Lower middle income,Blend,Pakistan,Asia-Pacific States
Sri Lanka,142,Asia,034,Southern Asia,NA,NA,144,LK,LKA,FALSE,FALSE,FALSE,TRUE,FALSE,FALSE,FALSE,FALSE,TRUE,FALSE,Lower middle income,IDA,Sri Lanka,Asia-Pacific States
Armenia,142,Asia,145,Western Asia,NA,NA,051,AM,ARM,FALSE,TRUE,FALSE,FALSE,FALSE,FALSE,FALSE,FALSE,TRUE,FALSE,Upper middle income,IBRD,Armenia,Eastern European States
Azerbaijan,142,Asia,145,Western Asia,NA,NA,031,AZ,AZE,FALSE,TRUE,FALSE,TRUE,FALSE,FALSE,FALSE,FALSE,TRUE,FALSE,Upper middle income,IBRD,Azerbaijan,Eastern European States
Bahrain,142,Asia,145,Western Asia,NA,NA,048,BH,BHR,FALSE,FALSE,FALSE,TRUE,FALSE,FALSE,FALSE,FALSE,TRUE,FALSE,High income,NA,Bahrain,Asia-Pacific States
Cyprus,142,Asia,145,Western Asia,NA,NA,196,CY,CYP,FALSE,FALSE,FALSE,FALSE,TRUE,FALSE,FALSE,FALSE,TRUE,FALSE,High income,NA,Cyprus,Asia-Pacific States
Georgia,142,Asia,145,Western Asia,NA,NA,268,GE,GEO,FALSE,FALSE,FALSE,FALSE,FALSE,FALSE,FALSE,FALSE,TRUE,FALSE,Upper middle income,IBRD,Georgia,Eastern European States
Iraq,142,Asia,145,Western Asia,NA,NA,368,IQ,IRQ,FALSE,FALSE,FALSE,TRUE,FALSE,FALSE,FALSE,FALSE,TRUE,FALSE,Upper middle income,IBRD,Iraq,Asia-Pacific States
Israel,142,Asia,145,Western Asia,NA,NA,376,IL,ISR,FALSE,FALSE,FALSE,FALSE,FALSE,FALSE,FALSE,FALSE,TRUE,TRUE,High income,NA,Israel,Western European and other States
Jordan,142,Asia,145,Western Asia,NA,NA,400,JO,JOR,FALSE,FALSE,FALSE,TRUE,FALSE,FALSE,FALSE,FALSE,TRUE,FALSE,Lower middle income,IBRD,Jordan,Asia-Pacific States
Kuwait,142,Asia,145,Western Asia,NA,NA,414,KW,KWT,FALSE,FALSE,FALSE,TRUE,FALSE,FALSE,FALSE,FALSE,TRUE,FALSE,High income,NA,Kuwait,Asia-Pacific States
Lebanon,142,Asia,145,Western Asia,NA,NA,422,LB,LBN,FALSE,FALSE,FALSE,TRUE,FALSE,FALSE,FALSE,FALSE,TRUE,FALSE,Lower middle income,IBRD,Lebanon,Asia-Pacific States
Oman,142,Asia,145,Western Asia,NA,NA,512,OM,OMN,FALSE,FALSE,FALSE,TRUE,FALSE,FALSE,FALSE,FALSE,TRUE,FALSE,High income,NA,Oman,Asia-Pacific States
Qatar,142,Asia,145,Western Asia,NA,NA,634,QA,QAT,FALSE,FALSE,FALSE,TRUE,FALSE,FALSE,FALSE,FALSE,TRUE,FALSE,High income,NA,Qatar,Asia-Pacific States
Saudi Arabia,142,Asia,145,Western Asia,NA,NA,682,SA,SAU,FALSE,FALSE,FALSE,TRUE,FALSE,TRUE,FALSE,FALSE,TRUE,FALSE,High income,NA,Saudi Arabia,Asia-Pacific States
State of Palestine,142,Asia,145,Western Asia,NA,NA,275,PS,PSE,FALSE,FALSE,FALSE,TRUE,FALSE,FALSE,FALSE,FALSE,FALSE,FALSE,Lower middle income,NA,NA,NA
Syrian Arab Republic,142,Asia,145,Western Asia,NA,NA,760,SY,SYR,FALSE,FALSE,FALSE,TRUE,FALSE,FALSE,FALSE,FALSE,TRUE,FALSE,Low income,IDA,Syrian Arab Republic,Asia-Pacific States
Türkiye,142,Asia,145,Western Asia,NA,NA,792,TR,TUR,FALSE,FALSE,FALSE,FALSE,FALSE,TRUE,FALSE,FALSE,TRUE,TRUE,Upper middle income,IBRD,Türkiye,Western European and other States
United Arab Emirates,142,Asia,145,Western Asia,NA,NA,784,AE,ARE,FALSE,FALSE,FALSE,TRUE,FALSE,FALSE,FALSE,FALSE,TRUE,FALSE,High income,NA,United Arab Emirates,Asia-Pacific States
Yemen,142,Asia,145,Western Asia,NA,NA,887,YE,YEM,TRUE,FALSE,FALSE,TRUE,FALSE,FALSE,FALSE,FALSE,TRUE,FALSE,Low income,IDA,Yemen,Asia-Pacific States
Belarus,150,Europe,151,Eastern Europe,NA,NA,112,BY,BLR,FALSE,FALSE,FALSE,FALSE,FALSE,FALSE,FALSE,FALSE,TRUE,FALSE,Upper middle income,IBRD,Belarus,Eastern European States
Bulgaria,150,Europe,151,Eastern Europe,NA,NA,100,BG,BGR,FALSE,FALSE,FALSE,FALSE,TRUE,FALSE,FALSE,FALSE,TRUE,FALSE,High income,IBRD,Bulgaria,Eastern European States
Czechia,150,Europe,151,Eastern Europe,NA,NA,203,CZ,CZE,FALSE,FALSE,FALSE,FALSE,TRUE,FALSE,FALSE,FALSE,TRUE,TRUE,High income,NA,Czechia,Eastern European States
Hungary,150,Europe,151,Eastern Europe,NA,NA,348,HU,HUN,FALSE,FALSE,FALSE,FALSE,TRUE,FALSE,FALSE,FALSE,TRUE,TRUE,High income,NA,Hungary,Eastern European States
Poland,150,Europe,151,Eastern Europe,NA,NA,616,PL,POL,FALSE,FALSE,FALSE,FALSE,TRUE,FALSE,FALSE,FALSE,TRUE,TRUE,High income,IBRD,Poland,Eastern European States
Republic of Moldova,150,Europe,151,Eastern Europe,NA,NA,498,MD,MDA,FALSE,TRUE,FALSE,FALSE,FALSE,FALSE,FALSE,FALSE,TRUE,FALSE,Upper middle income,IBRD,Republic of Moldova,Eastern European States
Romania,150,Europe,151,Eastern Europe,NA,NA,642,RO,ROU,FALSE,FALSE,FALSE,FALSE,TRUE,FALSE,FALSE,FALSE,TRUE,FALSE,High income,IBRD,Romania,Eastern European States
Russian Federation,150,Europe,151,Eastern Europe,NA,NA,643,RU,RUS,FALSE,FALSE,FALSE,FALSE,FALSE,TRUE,FALSE,TRUE,TRUE,FALSE,High income,IBRD,Russian Federation,Eastern European States
Slovakia,150,Europe,151,Eastern Europe,NA,NA,703,SK,SVK,FALSE,FALSE,FALSE,FALSE,TRUE,FALSE,FALSE,FALSE,TRUE,TRUE,High income,NA,Slovakia,Eastern European States
Ukraine,150,Europe,151,Eastern Europe,NA,NA,804,UA,UKR,FALSE,FALSE,FALSE,FALSE,FALSE,FALSE,FALSE,FALSE,TRUE,FALSE,Upper middle income,IBRD,Ukraine,Eastern European States
Åland Islands,150,Europe,154,Northern Europe,NA,NA,248,AX,ALA,FALSE,FALSE,FALSE,FALSE,FALSE,FALSE,FALSE,FALSE,FALSE,FALSE,NA,NA,NA,NA
Denmark,150,Europe,154,Northern Europe,NA,NA,208,DK,DNK,FALSE,FALSE,FALSE,FALSE,TRUE,FALSE,FALSE,FALSE,TRUE,TRUE,High income,NA,Denmark,Western European and other States
Estonia,150,Europe,154,Northern Europe,NA,NA,233,EE,EST,FALSE,FALSE,FALSE,FALSE,TRUE,FALSE,FALSE,FALSE,TRUE,TRUE,High income,NA,Estonia,Eastern European States
Faroe Islands,150,Europe,154,Northern Europe,NA,NA,234,FO,FRO,FALSE,FALSE,FALSE,FALSE,FALSE,FALSE,FALSE,FALSE,FALSE,FALSE,High income,NA,NA,NA
Finland,150,Europe,154,Northern Europe,NA,NA,246,FI,FIN,FALSE,FALSE,FALSE,FALSE,TRUE,FALSE,FALSE,FALSE,TRUE,TRUE,High income,NA,Finland,Western European and other States
Guernsey,150,Europe,154,Northern Europe,NA,NA,831,GG,GGY,FALSE,FALSE,FALSE,FALSE,FALSE,FALSE,FALSE,FALSE,FALSE,FALSE,NA,NA,NA,NA
Iceland,150,Europe,154,Northern Europe,NA,NA,352,IS,ISL,FALSE,FALSE,FALSE,FALSE,FALSE,FALSE,FALSE,FALSE,TRUE,TRUE,High income,NA,Iceland,Western European and other States
Ireland,150,Europe,154,Northern Europe,NA,NA,372,IE,IRL,FALSE,FALSE,FALSE,FALSE,TRUE,FALSE,FALSE,FALSE,TRUE,TRUE,High income,NA,Ireland,Western European and other States
Isle of Man,150,Europe,154,Northern Europe,NA,NA,833,IM,IMN,FALSE,FALSE,FALSE,FALSE,FALSE,FALSE,FALSE,FALSE,FALSE,FALSE,High income,NA,NA,NA
Jersey,150,Europe,154,Northern Europe,NA,NA,832,JE,JEY,FALSE,FALSE,FALSE,FALSE,FALSE,FALSE,FALSE,FALSE,FALSE,FALSE,NA,NA,NA,NA
Latvia,150,Europe,154,Northern Europe,NA,NA,428,LV,LVA,FALSE,FALSE,FALSE,FALSE,TRUE,FALSE,FALSE,FALSE,TRUE,TRUE,High income,NA,Latvia,Eastern European States
Lithuania,150,Europe,154,Northern Europe,NA,NA,440,LT,LTU,FALSE,FALSE,FALSE,FALSE,TRUE,FALSE,FALSE,FALSE,TRUE,TRUE,High income,NA,Lithuania,Eastern European States
Norway,150,Europe,154,Northern Europe,NA,NA,578,NO,NOR,FALSE,FALSE,FALSE,FALSE,FALSE,FALSE,FALSE,FALSE,TRUE,TRUE,High income,NA,Norway,Western European and other States
Svalbard and Jan Mayen Islands,150,Europe,154,Northern Europe,NA,NA,744,SJ,SJM,FALSE,FALSE,FALSE,FALSE,FALSE,FALSE,FALSE,FALSE,FALSE,FALSE,NA,NA,NA,NA
Sweden,150,Europe,154,Northern Europe,NA,NA,752,SE,SWE,FALSE,FALSE,FALSE,FALSE,TRUE,FALSE,FALSE,FALSE,TRUE,TRUE,High income,NA,Sweden,Western European and other States
United Kingdom of Great Britain and Northern Ireland,150,Europe,154,Northern Europe,NA,NA,826,GB,GBR,FALSE,FALSE,FALSE,FALSE,FALSE,TRUE,FALSE,TRUE,TRUE,TRUE,High income,NA,United Kingdom of Great Britain and Northern Ireland,Western European and other States
Albania,150,Europe,039,Southern Europe,NA,NA,008,AL,ALB,FALSE,FALSE,FALSE,FALSE,FALSE,FALSE,FALSE,FALSE,TRUE,FALSE,Upper middle income,IBRD,Albania,Eastern European States
Andorra,150,Europe,039,Southern Europe,NA,NA,020,AD,AND,FALSE,FALSE,FALSE,FALSE,FALSE,FALSE,FALSE,FALSE,TRUE,FALSE,High income,NA,Andorra,Western European and other States
Bosnia and Herzegovina,150,Europe,039,Southern Europe,NA,NA,070,BA,BIH,FALSE,FALSE,FALSE,FALSE,FALSE,FALSE,FALSE,FALSE,TRUE,FALSE,Upper middle income,IBRD,Bosnia and Herzegovina,Eastern European States
Croatia,150,Europe,039,Southern Europe,NA,NA,191,HR,HRV,FALSE,FALSE,FALSE,FALSE,TRUE,FALSE,FALSE,FALSE,TRUE,FALSE,High income,IBRD,Croatia,Eastern European States
Gibraltar,150,Europe,039,Southern Europe,NA,NA,292,GI,GIB,FALSE,FALSE,FALSE,FALSE,FALSE,FALSE,FALSE,FALSE,FALSE,FALSE,High income,NA,NA,NA
Greece,150,Europe,039,Southern Europe,NA,NA,300,GR,GRC,FALSE,FALSE,FALSE,FALSE,TRUE,FALSE,FALSE,FALSE,TRUE,TRUE,High income,NA,Greece,Western European and other States
Holy See,150,Europe,039,Southern Europe,NA,NA,336,VA,VAT,FALSE,FALSE,FALSE,FALSE,FALSE,FALSE,FALSE,FALSE,FALSE,FALSE,NA,NA,NA,NA
Italy,150,Europe,039,Southern Europe,NA,NA,380,IT,ITA,FALSE,FALSE,FALSE,FALSE,TRUE,TRUE,FALSE,FALSE,TRUE,TRUE,High income,NA,Italy,Western European and other States
Malta,150,Europe,039,Southern Europe,NA,NA,470,MT,MLT,FALSE,FALSE,FALSE,FALSE,TRUE,FALSE,FALSE,FALSE,TRUE,FALSE,High income,NA,Malta,Western European and other States
Montenegro,150,Europe,039,Southern Europe,NA,NA,499,ME,MNE,FALSE,FALSE,FALSE,FALSE,FALSE,FALSE,FALSE,FALSE,TRUE,FALSE,Upper middle income,IBRD,Montenegro,Eastern European States
North Macedonia,150,Europe,039,Southern Europe,NA,NA,807,MK,MKD,FALSE,TRUE,FALSE,FALSE,FALSE,FALSE,FALSE,FALSE,TRUE,FALSE,Upper middle income,IBRD,North Macedonia,Eastern European States
Portugal,150,Europe,039,Southern Europe,NA,NA,620,PT,PRT,FALSE,FALSE,FALSE,FALSE,TRUE,FALSE,FALSE,FALSE,TRUE,TRUE,High income,NA,Portugal,Western European and other States
San Marino,150,Europe,039,Southern Europe,NA,NA,674,SM,SMR,FALSE,FALSE,FALSE,FALSE,FALSE,FALSE,FALSE,FALSE,TRUE,FALSE,High income,NA,San Marino,Western European and other States
Serbia,150,Europe,039,Southern Europe,NA,NA,688,RS,SRB,FALSE,FALSE,FALSE,FALSE,FALSE,FALSE,FALSE,FALSE,TRUE,FALSE,Upper middle income,IBRD,Serbia,Eastern European States
Slovenia,150,Europe,039,Southern Europe,NA,NA,705,SI,SVN,FALSE,FALSE,FALSE,FALSE,TRUE,FALSE,FALSE,FALSE,TRUE,TRUE,High income,NA,Slovenia,Eastern European States
Spain,150,Europe,039,Southern Europe,NA,NA,724,ES,ESP,FALSE,FALSE,FALSE,FALSE,TRUE,FALSE,FALSE,FALSE,TRUE,TRUE,High income,NA,Spain,Western European and other States
Austria,150,Europe,155,Western Europe,NA,NA,040,AT,AUT,FALSE,FALSE,FALSE,FALSE,TRUE,FALSE,FALSE,FALSE,TRUE,TRUE,High income,NA,Austria,Western European and other States
Belgium,150,Europe,155,Western Europe,NA,NA,056,BE,BEL,FALSE,FALSE,FALSE,FALSE,TRUE,FALSE,FALSE,FALSE,TRUE,TRUE,High income,NA,Belgium,Western European and other States
France,150,Europe,155,Western Europe,NA,NA,250,FR,FRA,FALSE,FALSE,FALSE,FALSE,TRUE,TRUE,FALSE,TRUE,TRUE,TRUE,High income,NA,France,Western European and other States
Germany,150,Europe,155,Western Europe,NA,NA,276,DE,DEU,FALSE,FALSE,FALSE,FALSE,TRUE,TRUE,FALSE,FALSE,TRUE,TRUE,High income,NA,Germany,Western European and other States
Liechtenstein,150,Europe,155,Western Europe,NA,NA,438,LI,LIE,FALSE,FALSE,FALSE,FALSE,FALSE,FALSE,FALSE,FALSE,TRUE,FALSE,High income,NA,Liechtenstein,Western European and other States
Luxembourg,150,Europe,155,Western Europe,NA,NA,442,LU,LUX,FALSE,FALSE,FALSE,FALSE,TRUE,FALSE,FALSE,FALSE,TRUE,TRUE,High income,NA,Luxembourg,Western European and other States
Monaco,150,Europe,155,Western Europe,NA,NA,492,MC,MCO,FALSE,FALSE,FALSE,FALSE,FALSE,FALSE,FALSE,FALSE,TRUE,FALSE,High income,NA,Monaco,Western European and other States
Netherlands (Kingdom of the),150,Europe,155,Western Europe,NA,NA,528,NL,NLD,FALSE,FALSE,FALSE,FALSE,TRUE,FALSE,FALSE,FALSE,TRUE,TRUE,High income,NA,Netherlands,Western European and other States
Switzerland,150,Europe,155,Western Europe,NA,NA,756,CH,CHE,FALSE,FALSE,FALSE,FALSE,FALSE,FALSE,FALSE,FALSE,TRUE,TRUE,High income,NA,Switzerland,Western European and other States
Australia,009,Oceania,053,Australia and New Zealand,NA,NA,036,AU,AUS,FALSE,FALSE,FALSE,FALSE,FALSE,TRUE,FALSE,FALSE,TRUE,TRUE,High income,NA,Australia,Western European and other States
Christmas Island,009,Oceania,053,Australia and New Zealand,NA,NA,162,CX,CXR,FALSE,FALSE,FALSE,FALSE,FALSE,FALSE,FALSE,FALSE,FALSE,FALSE,NA,NA,NA,NA
Cocos (Keeling) Islands,009,Oceania,053,Australia and New Zealand,NA,NA,166,CC,CCK,FALSE,FALSE,FALSE,FALSE,FALSE,FALSE,FALSE,FALSE,FALSE,FALSE,NA,NA,NA,NA
Heard Island and McDonald Islands,009,Oceania,053,Australia and New Zealand,NA,NA,334,HM,HMD,FALSE,FALSE,FALSE,FALSE,FALSE,FALSE,FALSE,FALSE,FALSE,FALSE,NA,NA,NA,NA
New Zealand,009,Oceania,053,Australia and New Zealand,NA,NA,554,NZ,NZL,FALSE,FALSE,FALSE,FALSE,FALSE,FALSE,FALSE,FALSE,TRUE,TRUE,High income,NA,New Zealand,Western European and other States
Norfolk Island,009,Oceania,053,Australia and New Zealand,NA,NA,574,NF,NFK,FALSE,FALSE,FALSE,FALSE,FALSE,FALSE,FALSE,FALSE,FALSE,FALSE,NA,NA,NA,NA
Fiji,009,Oceania,054,Melanesia,NA,NA,242,FJ,FJI,FALSE,FALSE,TRUE,TRUE,FALSE,FALSE,FALSE,FALSE,TRUE,FALSE,Upper middle income,Blend,Fiji,Asia-Pacific States
New Caledonia,009,Oceania,054,Melanesia,NA,NA,540,NC,NCL,FALSE,FALSE,TRUE,FALSE,FALSE,FALSE,FALSE,FALSE,FALSE,FALSE,High income,NA,NA,NA
Papua New Guinea,009,Oceania,054,Melanesia,NA,NA,598,PG,PNG,FALSE,FALSE,TRUE,TRUE,FALSE,FALSE,FALSE,FALSE,TRUE,FALSE,Lower middle income,Blend,Papua New Guinea,Asia-Pacific States
Solomon Islands,009,Oceania,054,Melanesia,NA,NA,090,SB,SLB,TRUE,FALSE,TRUE,TRUE,FALSE,FALSE,FALSE,FALSE,TRUE,FALSE,Lower middle income,IDA,Solomon Islands,Asia-Pacific States
Vanuatu,009,Oceania,054,Melanesia,NA,NA,548,VU,VUT,FALSE,FALSE,TRUE,TRUE,FALSE,FALSE,FALSE,FALSE,TRUE,FALSE,Lower middle income,IDA,Vanuatu,Asia-Pacific States
Guam,009,Oceania,057,Micronesia,NA,NA,316,GU,GUM,FALSE,FALSE,TRUE,FALSE,FALSE,FALSE,FALSE,FALSE,FALSE,FALSE,High income,NA,NA,NA
Kiribati,009,Oceania,057,Micronesia,NA,NA,296,KI,KIR,TRUE,FALSE,TRUE,TRUE,FALSE,FALSE,FALSE,FALSE,TRUE,FALSE,Lower middle income,IDA,Kiribati,Asia-Pacific States
Marshall Islands,009,Oceania,057,Micronesia,NA,NA,584,MH,MHL,FALSE,FALSE,TRUE,TRUE,FALSE,FALSE,FALSE,FALSE,TRUE,FALSE,Upper middle income,IDA,Marshall Islands,Asia-Pacific States
Micronesia (Federated States of),009,Oceania,057,Micronesia,NA,NA,583,FM,FSM,FALSE,FALSE,TRUE,TRUE,FALSE,FALSE,FALSE,FALSE,TRUE,FALSE,Lower middle income,IDA,Micronesia (Federated States of),Asia-Pacific States
Nauru,009,Oceania,057,Micronesia,NA,NA,520,NR,NRU,FALSE,FALSE,TRUE,TRUE,FALSE,FALSE,FALSE,FALSE,TRUE,FALSE,High income,IBRD,Nauru,Asia-Pacific States
Northern Mariana Islands,009,Oceania,057,Micronesia,NA,NA,580,MP,MNP,FALSE,FALSE,TRUE,FALSE,FALSE,FALSE,FALSE,FALSE,FALSE,FALSE,High income,NA,NA,NA
Palau,009,Oceania,057,Micronesia,NA,NA,585,PW,PLW,FALSE,FALSE,TRUE,FALSE,FALSE,FALSE,FALSE,FALSE,TRUE,FALSE,High income,IBRD,Palau,Asia-Pacific States
United States Minor Outlying Islands,009,Oceania,057,Micronesia,NA,NA,581,UM,UMI,FALSE,FALSE,FALSE,FALSE,FALSE,FALSE,FALSE,FALSE,FALSE,FALSE,NA,NA,NA,NA
American Samoa,009,Oceania,061,Polynesia,NA,NA,016,AS,ASM,FALSE,FALSE,TRUE,FALSE,FALSE,FALSE,FALSE,FALSE,FALSE,FALSE,High income,NA,NA,NA
Cook Islands,009,Oceania,061,Polynesia,NA,NA,184,CK,COK,FALSE,FALSE,TRUE,FALSE,FALSE,FALSE,FALSE,FALSE,FALSE,FALSE,NA,NA,NA,NA
French Polynesia,009,Oceania,061,Polynesia,NA,NA,258,PF,PYF,FALSE,FALSE,TRUE,FALSE,FALSE,FALSE,FALSE,FALSE,FALSE,FALSE,High income,NA,NA,NA
Niue,009,Oceania,061,Polynesia,NA,NA,570,NU,NIU,FALSE,FALSE,TRUE,FALSE,FALSE,FALSE,FALSE,FALSE,FALSE,FALSE,NA,NA,NA,NA
Pitcairn,009,Oceania,061,Polynesia,NA,NA,612,PN,PCN,FALSE,FALSE,FALSE,FALSE,FALSE,FALSE,FALSE,FALSE,FALSE,FALSE,NA,NA,NA,NA
Samoa,009,Oceania,061,Polynesia,NA,NA,882,WS,WSM,FALSE,FALSE,TRUE,TRUE,FALSE,FALSE,FALSE,FALSE,TRUE,FALSE,Lower middle income,IDA,Samoa,Asia-Pacific States
Tokelau,009,Oceania,061,Polynesia,NA,NA,772,TK,TKL,FALSE,FALSE,FALSE,FALSE,FALSE,FALSE,FALSE,FALSE,FALSE,FALSE,NA,NA,NA,NA
Tonga,009,Oceania,061,Polynesia,NA,NA,776,TO,TON,FALSE,FALSE,TRUE,TRUE,FALSE,FALSE,FALSE,FALSE,TRUE,FALSE,Upper middle income,IDA,Tonga,Asia-Pacific States
Tuvalu,009,Oceania,061,Polynesia,NA,NA,798,TV,TUV,TRUE,FALSE,TRUE,FALSE,FALSE,FALSE,FALSE,FALSE,TRUE,FALSE,Upper middle income,IDA,Tuvalu,Asia-Pacific States
Wallis and Futuna Islands,009,Oceania,061,Polynesia,NA,NA,876,WF,WLF,FALSE,FALSE,FALSE,FALSE,FALSE,FALSE,FALSE,FALSE,FALSE,FALSE,NA,NA,NA,NA
